04/01/2010,12.891
05/01/2010,12.837
06/01/2010,12.739
07/01/2010,12.758
08/01/2010,12.717
11/01/2010,12.75
12/01/2010,12.7625
13/01/2010,12.727
14/01/2010,12.718
15/01/2010,12.709
18/01/2010,12.669
19/01/2010,12.652
20/01/2010,12.765
21/01/2010,12.895
22/01/2010,12.926
25/01/2010,12.863
26/01/2010,12.834
27/01/2010,13
28/01/2010,13.0495
29/01/2010,13.03
02/02/2010,12.86
03/02/2010,12.965
04/02/2010,13.0935
05/02/2010,13.21
08/02/2010,13.184
09/02/2010,13.081
10/02/2010,13.081
11/02/2010,12.961
12/02/2010,12.9315
15/02/2010,12.94
16/02/2010,12.858
17/02/2010,12.882
18/02/2010,12.824
19/02/2010,12.8125
22/02/2010,12.8115
23/02/2010,12.899
24/02/2010,12.8497
25/02/2010,12.8275
26/02/2010,12.779
01/03/2010,12.741
02/03/2010,12.743
03/03/2010,12.707
04/03/2010,12.707
05/03/2010,12.664
08/03/2010,12.667
09/03/2010,12.6315
10/03/2010,12.61
11/03/2010,12.5945
12/03/2010,12.54
16/03/2010,12.5285
17/03/2010,12.45
18/03/2010,12.505
19/03/2010,12.569
22/03/2010,12.5485
23/03/2010,12.4925
24/03/2010,12.581
25/03/2010,12.523
26/03/2010,12.53
29/03/2010,12.438
30/03/2010,12.4
31/03/2010,12.357
05/04/2010,12.2685
06/04/2010,12.22
07/04/2010,12.259
08/04/2010,12.2245
09/04/2010,12.195
12/04/2010,12.166
13/04/2010,12.1865
14/04/2010,12.185
15/04/2010,12.179
16/04/2010,12.284
19/04/2010,12.2675
20/04/2010,12.2267
21/04/2010,12.18
22/04/2010,12.2169
23/04/2010,12.19
26/04/2010,12.1332
27/04/2010,12.319
28/04/2010,12.357
29/04/2010,12.174
30/04/2010,12.287
03/05/2010,12.24
04/05/2010,12.48
05/05/2010,12.69
06/05/2010,13.133
07/05/2010,12.97
10/05/2010,12.4965
11/05/2010,12.485
12/05/2010,12.3695
13/05/2010,12.361
14/05/2010,12.5745
17/05/2010,12.6855
18/05/2010,12.715
19/05/2010,12.88
20/05/2010,13.006
21/05/2010,13.021
24/05/2010,12.9096
25/05/2010,13.13
26/05/2010,13
27/05/2010,12.8149
28/05/2010,12.9465
31/05/2010,12.93
01/06/2010,12.9
02/06/2010,12.829
03/06/2010,12.808
04/06/2010,12.968
07/06/2010,12.91
08/06/2010,12.92
09/06/2010,12.839
10/06/2010,12.7475
11/06/2010,12.7058
14/06/2010,12.696
15/06/2010,12.578
16/06/2010,12.577
17/06/2010,12.5891
18/06/2010,12.5285
21/06/2010,12.4895
22/06/2010,12.55
23/06/2010,12.6405
24/06/2010,12.6875
25/06/2010,12.6585
28/06/2010,12.7
29/06/2010,12.8525
30/06/2010,12.89
01/07/2010,13.0135
02/07/2010,13.11
05/07/2010,13.095
06/07/2010,12.982
07/07/2010,12.844
08/07/2010,12.825
09/07/2010,12.766
12/07/2010,12.827
13/07/2010,12.705
14/07/2010,12.7334
15/07/2010,12.79
16/07/2010,12.934
19/07/2010,12.895
20/07/2010,12.8046
21/07/2010,12.862
22/07/2010,12.7394
23/07/2010,12.7429
26/07/2010,12.6915
27/07/2010,12.6845
28/07/2010,12.687
29/07/2010,12.7045
30/07/2010,12.66
02/08/2010,12.5675
03/08/2010,12.5874
04/08/2010,12.5382
05/08/2010,12.5696
06/08/2010,12.7331
09/08/2010,12.6198
10/08/2010,12.626
11/08/2010,12.726
12/08/2010,12.739
13/08/2010,12.7188
16/08/2010,12.669
17/08/2010,12.602
18/08/2010,12.619
19/08/2010,12.719
20/08/2010,12.789
23/08/2010,12.8577
24/08/2010,12.96
25/08/2010,12.9938
26/08/2010,13.061
27/08/2010,13.029
30/08/2010,13.1321
31/08/2010,13.234
01/09/2010,13.084
02/09/2010,13.055
03/09/2010,12.9573
06/09/2010,12.9495
07/09/2010,13.0407
08/09/2010,13.0227
09/09/2010,13.0424
10/09/2010,12.9243
13/09/2010,12.8798
14/09/2010,12.8293
15/09/2010,12.804
20/09/2010,12.7717
21/09/2010,12.747
22/09/2010,12.6565
23/09/2010,12.619
24/09/2010,12.5535
27/09/2010,12.5308
28/09/2010,12.505
29/09/2010,12.528
30/09/2010,12.625
01/10/2010,12.563
04/10/2010,12.5993
05/10/2010,12.49
06/10/2010,12.4873
07/10/2010,12.5575
08/10/2010,12.4271
11/10/2010,12.4439
12/10/2010,12.4109
13/10/2010,12.3505
14/10/2010,12.45
15/10/2010,12.435
18/10/2010,12.377
19/10/2010,12.54
20/10/2010,12.4063
21/10/2010,12.4153
22/10/2010,12.373
25/10/2010,12.333
26/10/2010,12.4099
27/10/2010,12.4839
28/10/2010,12.402
29/10/2010,12.366
01/11/2010,12.351
03/11/2010,12.2575
04/11/2010,12.229
05/11/2010,12.204
08/11/2010,12.2316
09/11/2010,12.2569
10/11/2010,12.23
11/11/2010,12.2577
12/11/2010,12.3327
16/11/2010,12.4368
17/11/2010,12.3625
18/11/2010,12.286
19/11/2010,12.2769
22/11/2010,12.321
23/11/2010,12.4825
24/11/2010,12.3746
25/11/2010,12.395
26/11/2010,12.488
29/11/2010,12.5108
30/11/2010,12.461
01/12/2010,12.398
02/12/2010,12.329
03/12/2010,12.374
06/12/2010,12.3815
07/12/2010,12.469
08/12/2010,12.4376
09/12/2010,12.4642
10/12/2010,12.47
13/12/2010,12.3857
14/12/2010,12.358
15/12/2010,12.4725
16/12/2010,12.4235
17/12/2010,12.424
20/12/2010,12.4137
21/12/2010,12.385
22/12/2010,12.3166
23/12/2010,12.358
24/12/2010,12.358
27/12/2010,12.3645
28/12/2010,12.3898
29/12/2010,12.3725
30/12/2010,12.398
31/12/2010,12.365
03/01/2011,12.2475
04/01/2011,12.232
05/01/2011,12.2275
06/01/2011,12.232
07/01/2011,12.25
10/01/2011,12.2335
11/01/2011,12.1889
12/01/2011,12.082
13/01/2011,12.1165
14/01/2011,12.036
17/01/2011,12.014
18/01/2011,12.0335
19/01/2011,12.0817
20/01/2011,12.0572
21/01/2011,12.079
24/01/2011,12.0411
25/01/2011,12.101
26/01/2011,12.0498
27/01/2011,12.0345
28/01/2011,12.1749
31/01/2011,12.1591
01/02/2011,12.0049
02/02/2011,12.03
03/02/2011,12.0199
04/02/2011,11.9885
08/02/2011,12.016
09/02/2011,12.05
10/02/2011,12.081
11/02/2011,12.0395
14/02/2011,12.04
15/02/2011,12.1551
16/02/2011,12.0925
17/02/2011,12.02
18/02/2011,12.0277
21/02/2011,12.067
22/02/2011,12.1268
23/02/2011,12.1999
24/02/2011,12.145
25/02/2011,12.1145
28/02/2011,12.105
01/03/2011,12.1302
02/03/2011,12.097
03/03/2011,12.0064
04/03/2011,12.0012
07/03/2011,12.054
08/03/2011,12.0117
09/03/2011,11.933
10/03/2011,11.9718
11/03/2011,11.9172
14/03/2011,11.8925
15/03/2011,11.979
16/03/2011,12.153
17/03/2011,12.1145
18/03/2011,12.0605
22/03/2011,11.9819
23/03/2011,11.9845
24/03/2011,11.9385
25/03/2011,11.98
28/03/2011,11.958
29/03/2011,11.9606
30/03/2011,11.9247
31/03/2011,11.8903
01/04/2011,11.836
04/04/2011,11.8622
05/04/2011,11.8175
06/04/2011,11.7935
07/04/2011,11.7865
08/04/2011,11.735
11/04/2011,11.7374
12/04/2011,11.8129
13/04/2011,11.7881
14/04/2011,11.7254
15/04/2011,11.6747
18/04/2011,11.7465
19/04/2011,11.6825
20/04/2011,11.6245
25/04/2011,11.6115
26/04/2011,11.5735
27/04/2011,11.56
28/04/2011,11.563
29/04/2011,11.5038
02/05/2011,11.4995
03/05/2011,11.5739
04/05/2011,11.6088
05/05/2011,11.6973
06/05/2011,11.6435
09/05/2011,11.6285
10/05/2011,11.589
11/05/2011,11.675
12/05/2011,11.65
13/05/2011,11.725
16/05/2011,11.737
17/05/2011,11.7455
18/05/2011,11.733
19/05/2011,11.636
20/05/2011,11.617
23/05/2011,11.7306
24/05/2011,11.677
25/05/2011,11.683
26/05/2011,11.672
27/05/2011,11.617
30/05/2011,11.617
31/05/2011,11.5682
01/06/2011,11.655
02/06/2011,11.6515
03/06/2011,11.635
06/06/2011,11.7085
07/06/2011,11.721
08/06/2011,11.831
09/06/2011,11.7795
10/06/2011,11.865
13/06/2011,11.8639
14/06/2011,11.783
15/06/2011,11.935
16/06/2011,11.9825
17/06/2011,11.9043
20/06/2011,11.8765
21/06/2011,11.8
22/06/2011,11.7585
23/06/2011,11.8959
24/06/2011,11.8943
27/06/2011,11.8949
28/06/2011,11.8328
29/06/2011,11.7725
30/06/2011,11.71
01/07/2011,11.6215
04/07/2011,11.5985
05/07/2011,11.648
06/07/2011,11.632
07/07/2011,11.5615
08/07/2011,11.6245
11/07/2011,11.7655
12/07/2011,11.7606
13/07/2011,11.694
14/07/2011,11.7298
15/07/2011,11.7425
18/07/2011,11.758
19/07/2011,11.688
20/07/2011,11.649
21/07/2011,11.614
22/07/2011,11.632
25/07/2011,11.6315
26/07/2011,11.6012
27/07/2011,11.6715
28/07/2011,11.7172
29/07/2011,11.7269
01/08/2011,11.7425
02/08/2011,11.78
03/08/2011,11.8385
04/08/2011,12.01
05/08/2011,11.991
08/08/2011,12.3361
09/08/2011,12.3479
10/08/2011,12.26
11/08/2011,12.3678
12/08/2011,12.282
15/08/2011,12.2097
16/08/2011,12.2539
17/08/2011,12.175
18/08/2011,12.308
19/08/2011,12.2854
22/08/2011,12.3455
23/08/2011,12.338
24/08/2011,12.4656
25/08/2011,12.4441
26/08/2011,12.4825
29/08/2011,12.4369
30/08/2011,12.4805
31/08/2011,12.344
01/09/2011,12.2809
02/09/2011,12.433
05/09/2011,12.519
06/09/2011,12.4839
07/09/2011,12.463
08/09/2011,12.515
09/09/2011,12.6464
12/09/2011,12.9698
13/09/2011,12.8544
14/09/2011,12.9391
15/09/2011,12.9385
19/09/2011,13.1621
20/09/2011,13.1825
21/09/2011,13.402
22/09/2011,13.84
23/09/2011,13.6881
26/09/2011,13.7193
27/09/2011,13.3528
28/09/2011,13.5635
29/09/2011,13.594
30/09/2011,13.8835
03/10/2011,13.9675
04/10/2011,13.984
05/10/2011,13.5018
06/10/2011,13.4591
07/10/2011,13.4305
10/10/2011,13.278
11/10/2011,13.3429
12/10/2011,13.2127
13/10/2011,13.3601
14/10/2011,13.2624
17/10/2011,13.4266
18/10/2011,13.4195
19/10/2011,13.456
20/10/2011,13.695
21/10/2011,13.695
24/10/2011,13.4068
25/10/2011,13.4999
26/10/2011,13.42
27/10/2011,13.1429
28/10/2011,13.038
31/10/2011,13.2988
01/11/2011,13.5937
03/11/2011,13.4029
04/11/2011,13.5011
07/11/2011,13.4378
08/11/2011,13.3587
09/11/2011,13.6749
10/11/2011,13.5625
11/11/2011,13.51
14/11/2011,13.5309
15/11/2011,13.5692
16/11/2011,13.569
17/11/2011,13.715
18/11/2011,13.7406
22/11/2011,13.9399
23/11/2011,14.174
24/11/2011,14.2
25/11/2011,14.2699
28/11/2011,14.0375
29/11/2011,13.955
30/11/2011,13.667
01/12/2011,13.6365
02/12/2011,13.5367
05/12/2011,13.5248
06/12/2011,13.5063
07/12/2011,13.513
08/12/2011,13.6751
09/12/2011,13.5996
13/12/2011,13.79
14/12/2011,13.9055
15/12/2011,13.89
16/12/2011,13.88
19/12/2011,13.8499
20/12/2011,13.789
21/12/2011,13.851
22/12/2011,13.8277
23/12/2011,13.8339
26/12/2011,13.8725
27/12/2011,14.02
28/12/2011,13.9768
29/12/2011,14.0194
30/12/2011,13.9725
02/01/2012,13.929
03/01/2012,13.6696
04/01/2012,13.6881
05/01/2012,13.7317
06/01/2012,13.7021
09/01/2012,13.7174
10/01/2012,13.63
11/01/2012,13.6372
12/01/2012,13.574
13/01/2012,13.6105
16/01/2012,13.5465
17/01/2012,13.414
18/01/2012,13.3
19/01/2012,13.2416
20/01/2012,13.1818
23/01/2012,13.1407
24/01/2012,13.1345
25/01/2012,13.079
26/01/2012,12.9825
27/01/2012,12.9656
30/01/2012,12.989
31/01/2012,13.0278
01/02/2012,12.8928
02/02/2012,12.8189
03/02/2012,12.6775
07/02/2012,12.6694
08/02/2012,12.724
09/02/2012,12.6939
10/02/2012,12.825
13/02/2012,12.6898
14/02/2012,12.8111
15/02/2012,12.8107
16/02/2012,12.8299
17/02/2012,12.7955
20/02/2012,12.71
21/02/2012,12.759
22/02/2012,12.8282
23/02/2012,12.8607
24/02/2012,12.9085
27/02/2012,12.878
28/02/2012,12.8953
29/02/2012,12.7849
01/03/2012,12.7365
02/03/2012,12.7696
05/03/2012,12.83
06/03/2012,13.0005
07/03/2012,12.9202
08/03/2012,12.733
09/03/2012,12.6342
12/03/2012,12.693
13/03/2012,12.622
14/03/2012,12.714
15/03/2012,12.635
16/03/2012,12.6807
20/03/2012,12.6601
21/03/2012,12.7113
22/03/2012,12.825
23/03/2012,12.77
26/03/2012,12.6602
27/03/2012,12.6983
28/03/2012,12.7566
29/03/2012,12.8099
30/03/2012,12.8035
02/04/2012,12.7289
03/04/2012,12.7991
04/04/2012,12.8109
09/04/2012,12.9546
10/04/2012,13.158
11/04/2012,13.1431
12/04/2012,13.0555
13/04/2012,13.1614
16/04/2012,13.2019
17/04/2012,13.0694
18/04/2012,13.1528
19/04/2012,13.25
20/04/2012,13.107
23/04/2012,13.1926
24/04/2012,13.1729
25/04/2012,13.1449
26/04/2012,13.17
27/04/2012,12.982
30/04/2012,13.0311
02/05/2012,12.9326
03/05/2012,13.0033
04/05/2012,13.1448
07/05/2012,13.155
08/05/2012,13.3795
09/05/2012,13.4299
10/05/2012,13.4324
11/05/2012,13.537
14/05/2012,13.649
15/05/2012,13.7478
16/05/2012,13.7851
17/05/2012,13.7919
18/05/2012,13.8444
21/05/2012,13.7572
22/05/2012,13.7788
23/05/2012,14.035
24/05/2012,14.035
25/05/2012,14.0266
28/05/2012,13.9405
29/05/2012,13.9327
30/05/2012,14.15
31/05/2012,14.2941
01/06/2012,14.352
04/06/2012,14.2484
05/06/2012,14.225
06/06/2012,14.1247
07/06/2012,13.965
08/06/2012,13.935
11/06/2012,14.0598
12/06/2012,14.0314
13/06/2012,13.984
14/06/2012,14.0026
15/06/2012,13.91
18/06/2012,13.8546
19/06/2012,13.6897
20/06/2012,13.6913
21/06/2012,13.9117
22/06/2012,13.8329
25/06/2012,13.9266
26/06/2012,13.7487
27/06/2012,13.5959
28/06/2012,13.7062
29/06/2012,13.3396
02/07/2012,13.313
03/07/2012,13.345
04/07/2012,13.345
05/07/2012,13.3615
06/07/2012,13.4852
09/07/2012,13.4191
10/07/2012,13.3
11/07/2012,13.365
12/07/2012,13.4487
13/07/2012,13.3036
16/07/2012,13.2267
17/07/2012,13.1625
18/07/2012,13.1423
19/07/2012,13.24
20/07/2012,13.3401
23/07/2012,13.544
24/07/2012,13.7574
25/07/2012,13.605
26/07/2012,13.4125
27/07/2012,13.2589
30/07/2012,13.2968
31/07/2012,13.3115
01/08/2012,13.2999
02/08/2012,13.3931
03/08/2012,13.1481
06/08/2012,13.137
07/08/2012,13.193
08/08/2012,13.1594
09/08/2012,13.1157
10/08/2012,13.106
13/08/2012,13.1442
14/08/2012,13.1339
15/08/2012,13.1579
16/08/2012,13.1468
17/08/2012,13.135
20/08/2012,13.1155
21/08/2012,13.1368
22/08/2012,13.1215
23/08/2012,13.1789
24/08/2012,13.1748
27/08/2012,13.1849
28/08/2012,13.1858
29/08/2012,13.3129
30/08/2012,13.3524
31/08/2012,13.2
03/09/2012,13.1858
04/09/2012,13.1674
05/09/2012,13.122
06/09/2012,13.0498
07/09/2012,12.9854
10/09/2012,13.041
11/09/2012,12.9874
12/09/2012,13.0195
13/09/2012,12.818
14/09/2012,12.7335
17/09/2012,12.7859
18/09/2012,12.8343
19/09/2012,12.8354
20/09/2012,12.8874
21/09/2012,12.8677
24/09/2012,12.9279
25/09/2012,12.8523
26/09/2012,12.8717
27/09/2012,12.8219
28/09/2012,12.8593
01/10/2012,12.818
02/10/2012,12.8812
03/10/2012,12.8379
04/10/2012,12.7585
05/10/2012,12.769
08/10/2012,12.8149
09/10/2012,12.87
10/10/2012,12.9465
11/10/2012,12.8898
12/10/2012,12.8828
15/10/2012,12.824
16/10/2012,12.8562
17/10/2012,12.7825
18/10/2012,12.8609
19/10/2012,12.8769
22/10/2012,12.89
23/10/2012,12.9818
24/10/2012,12.9689
25/10/2012,12.9698
26/10/2012,13.01
29/10/2012,13.071
30/10/2012,13.0825
31/10/2012,13.0714
01/11/2012,13.0345
05/11/2012,13.0551
06/11/2012,12.945
07/11/2012,13.067
08/11/2012,13.1375
09/11/2012,13.1676
12/11/2012,13.226
13/11/2012,13.2
14/11/2012,13.225
15/11/2012,13.2358
16/11/2012,13.1477
20/11/2012,13.0381
21/11/2012,13.0499
22/11/2012,13.0163
23/11/2012,12.961
26/11/2012,13.0121
27/11/2012,13.003
28/11/2012,13.007
29/11/2012,12.9576
30/11/2012,12.939
03/12/2012,12.9652
04/12/2012,12.9459
05/12/2012,12.915
06/12/2012,12.898
07/12/2012,12.8545
10/12/2012,12.811
11/12/2012,12.7378
13/12/2012,12.8269
14/12/2012,12.7716
17/12/2012,12.7498
18/12/2012,12.7157
19/12/2012,12.7565
20/12/2012,12.741
21/12/2012,12.9284
24/12/2012,13.019
26/12/2012,13.0377
27/12/2012,13.0227
28/12/2012,13.018
31/12/2012,12.8704
02/01/2013,12.7782
03/01/2013,12.7878
04/01/2013,12.7546
07/01/2013,12.7745
08/01/2013,12.7985
09/01/2013,12.7362
10/01/2013,12.6189
11/01/2013,12.6489
14/01/2013,12.6069
15/01/2013,12.6498
16/01/2013,12.6279
17/01/2013,12.564
18/01/2013,12.666
21/01/2013,12.6925
22/01/2013,12.6473
23/01/2013,12.6788
24/01/2013,12.6557
25/01/2013,12.701
28/01/2013,12.765
29/01/2013,12.7141
30/01/2013,12.7281
31/01/2013,12.717
01/02/2013,12.61
05/02/2013,12.6265
06/02/2013,12.7038
07/02/2013,12.7479
08/02/2013,12.7279
11/02/2013,12.7551
12/02/2013,12.7262
13/02/2013,12.7089
14/02/2013,12.6955
15/02/2013,12.6872
18/02/2013,12.69
19/02/2013,12.667
20/02/2013,12.7005
21/02/2013,12.7824
22/02/2013,12.7036
25/02/2013,12.7576
26/02/2013,12.8477
27/02/2013,12.766
28/02/2013,12.7489
01/03/2013,12.7798
04/03/2013,12.7723
05/03/2013,12.7029
06/03/2013,12.7595
07/03/2013,12.764
08/03/2013,12.632
11/03/2013,12.5496
12/03/2013,12.4444
13/03/2013,12.4219
14/03/2013,12.4499
15/03/2013,12.4395
19/03/2013,12.4504
20/03/2013,12.3779
21/03/2013,12.4053
22/03/2013,12.3797
25/03/2013,12.3569
26/03/2013,12.3467
27/03/2013,12.3339
01/04/2013,12.3561
02/04/2013,12.285
03/04/2013,12.3435
04/04/2013,12.3207
05/04/2013,12.195
08/04/2013,12.1488
09/04/2013,12.1325
10/04/2013,12.1078
11/04/2013,12.043
12/04/2013,12.0887
15/04/2013,12.2486
16/04/2013,12.1348
17/04/2013,12.2342
18/04/2013,12.3144
19/04/2013,12.2639
22/04/2013,12.2639
23/04/2013,12.2712
24/04/2013,12.2299
25/04/2013,12.1355
26/04/2013,12.1599
29/04/2013,12.152
30/04/2013,12.1411
02/05/2013,12.188
03/05/2013,12.0572
06/05/2013,12.1113
07/05/2013,12.037
08/05/2013,12.057
09/05/2013,11.9599
10/05/2013,12.0986
13/05/2013,12.141
14/05/2013,12.1977
15/05/2013,12.2285
16/05/2013,12.2486
17/05/2013,12.333
20/05/2013,12.2783
21/05/2013,12.3223
22/05/2013,12.4296
23/05/2013,12.42
24/05/2013,12.5272
27/05/2013,12.48
28/05/2013,12.594
29/05/2013,12.6895
30/05/2013,12.78
31/05/2013,12.8041
03/06/2013,12.7415
04/06/2013,12.7763
05/06/2013,12.858
06/06/2013,12.8947
07/06/2013,12.7685
10/06/2013,12.854
11/06/2013,12.8532
12/06/2013,12.8579
13/06/2013,12.7348
14/06/2013,12.6929
17/06/2013,12.859
18/06/2013,12.8975
19/06/2013,12.9733
20/06/2013,13.4112
21/06/2013,13.3298
24/06/2013,13.2599
25/06/2013,13.2345
26/06/2013,13.1824
27/06/2013,12.9981
28/06/2013,12.9795
01/07/2013,12.9105
02/07/2013,13.06
03/07/2013,13.0015
04/07/2013,12.934
05/07/2013,13.095
08/07/2013,12.9015
09/07/2013,12.867
10/07/2013,12.925
11/07/2013,12.82
12/07/2013,12.8295
15/07/2013,12.7095
16/07/2013,12.6295
17/07/2013,12.5075
18/07/2013,12.505
19/07/2013,12.533
22/07/2013,12.5155
23/07/2013,12.52
24/07/2013,12.657
25/07/2013,12.6505
26/07/2013,12.6865
29/07/2013,12.7415
30/07/2013,12.78
31/07/2013,12.785
01/08/2013,12.83
02/08/2013,12.648
05/08/2013,12.675
06/08/2013,12.649
07/08/2013,12.71
08/08/2013,12.5875
09/08/2013,12.596
12/08/2013,12.7035
13/08/2013,12.7195
14/08/2013,12.7345
15/08/2013,12.827
16/08/2013,12.9565
19/08/2013,13.0585
20/08/2013,12.9725
21/08/2013,13.1535
22/08/2013,13.15
23/08/2013,13.025
26/08/2013,13.1725
27/08/2013,13.28
28/08/2013,13.281
29/08/2013,13.3485
30/08/2013,13.39
02/09/2013,13.335
03/09/2013,13.4165
04/09/2013,13.314
05/09/2013,13.401
06/09/2013,13.1965
09/09/2013,13.114
10/09/2013,13.1125
11/09/2013,13.065
12/09/2013,13.0855
13/09/2013,13.036
17/09/2013,12.934
18/09/2013,12.755
19/09/2013,12.7315
20/09/2013,12.855
23/09/2013,12.819
24/09/2013,12.88
25/09/2013,12.9715
26/09/2013,13.0875
27/09/2013,13.175
30/09/2013,13.1524
01/10/2013,13.1815
02/10/2013,13.098
03/10/2013,13.195
04/10/2013,13.08
07/10/2013,13.116
08/10/2013,13.194
09/10/2013,13.1895
10/10/2013,13.074
11/10/2013,13
14/10/2013,12.957
15/10/2013,13.01
16/10/2013,12.8815
17/10/2013,12.7715
18/10/2013,12.8475
21/10/2013,12.987
22/10/2013,12.852
23/10/2013,12.947
24/10/2013,12.9675
25/10/2013,12.88
28/10/2013,12.87
29/10/2013,12.92
30/10/2013,12.9
31/10/2013,13.04
01/11/2013,13.07
04/11/2013,12.9885
05/11/2013,13.1355
06/11/2013,13.141
07/11/2013,13.242
08/11/2013,13.181
11/11/2013,13.211
12/11/2013,13.229
13/11/2013,13.1075
14/11/2013,12.985
15/11/2013,12.9345
19/11/2013,12.9515
20/11/2013,13.05
21/11/2013,13.0625
22/11/2013,12.9685
25/11/2013,13.028
26/11/2013,13.0485
27/11/2013,13.1225
28/11/2013,13.09
29/11/2013,13.1175
02/12/2013,13.211
03/12/2013,13.181
04/12/2013,13.055
05/12/2013,13.055
06/12/2013,12.929
09/12/2013,12.878
10/12/2013,12.87
11/12/2013,12.9685
13/12/2013,12.933
16/12/2013,12.9565
17/12/2013,12.9565
18/12/2013,12.86
19/12/2013,13.005
20/12/2013,12.985
23/12/2013,12.983
24/12/2013,13.038
26/12/2013,13.067
27/12/2013,13.068
30/12/2013,13.076
31/12/2013,13.09
02/01/2014,13.159
03/01/2014,13.1
06/01/2014,13.088
07/01/2014,13.023
08/01/2014,13.1045
09/01/2014,13.125
10/01/2014,12.987
13/01/2014,13.0735
14/01/2014,13.1065
15/01/2014,13.2
16/01/2014,13.285
17/01/2014,13.237
20/01/2014,13.248
21/01/2014,13.295
22/01/2014,13.323
23/01/2014,13.41
24/01/2014,13.44
27/01/2014,13.375
28/01/2014,13.246
29/01/2014,13.342
30/01/2014,13.3725
31/01/2014,13.316
04/02/2014,13.372
05/02/2014,13.28
06/02/2014,13.25
07/02/2014,13.28
10/02/2014,13.322
11/02/2014,13.2905
12/02/2014,13.3185
13/02/2014,13.292
14/02/2014,13.246
17/02/2014,13.194
18/02/2014,13.2235
19/02/2014,13.3125
20/02/2014,13.2895
21/02/2014,13.2725
24/02/2014,13.233
25/02/2014,13.2245
26/02/2014,13.359
27/02/2014,13.285
28/02/2014,13.246
03/03/2014,13.335
04/03/2014,13.272
05/03/2014,13.235
06/03/2014,13.1605
07/03/2014,13.203
10/03/2014,13.225
11/03/2014,13.2695
12/03/2014,13.263
13/03/2014,13.2795
14/03/2014,13.214
18/03/2014,13.165
19/03/2014,13.2795
20/03/2014,13.279
21/03/2014,13.21
24/03/2014,13.175
25/03/2014,13.1385
26/03/2014,13.1335
27/03/2014,13.087
28/03/2014,13.0835
31/03/2014,13.064
01/04/2014,13.055
02/04/2014,13.0885
03/04/2014,13.118
04/04/2014,13.021
07/04/2014,13.0055
08/04/2014,13.024
09/04/2014,12.985
10/04/2014,13.039
11/04/2014,13.055
14/04/2014,13.0385
15/04/2014,13.104
16/04/2014,13.045
21/04/2014,13.023
22/04/2014,13.055
23/04/2014,13.087
24/04/2014,13.0955
25/04/2014,13.135
28/04/2014,13.141
29/04/2014,13.1
30/04/2014,13.085
02/05/2014,13.014
05/05/2014,13.039
06/05/2014,13.018
07/05/2014,12.9745
08/05/2014,12.9415
09/05/2014,12.9685
12/05/2014,12.957
13/05/2014,12.925
14/05/2014,12.898
15/05/2014,12.9495
16/05/2014,12.905
19/05/2014,12.8865
20/05/2014,12.9375
21/05/2014,12.919
22/05/2014,12.883
23/05/2014,12.865
26/05/2014,12.866
27/05/2014,12.874
28/05/2014,12.8815
29/05/2014,12.8495
30/05/2014,12.856
02/06/2014,12.905
03/06/2014,12.9415
04/06/2014,12.9415
05/06/2014,12.8815
06/06/2014,12.917
09/06/2014,13.0285
10/06/2014,13.05
11/06/2014,13.015
12/06/2014,12.9645
13/06/2014,13.001
16/06/2014,13.0445
17/06/2014,13.113
18/06/2014,13.009
19/06/2014,13.0075
20/06/2014,12.9945
23/06/2014,13.011
24/06/2014,13.0525
25/06/2014,13.004
26/06/2014,13.0295
27/06/2014,12.988
30/06/2014,12.9865
01/07/2014,12.9425
02/07/2014,12.9955
03/07/2014,12.9635
04/07/2014,12.975
07/07/2014,13.007
08/07/2014,12.9865
09/07/2014,12.9695
10/07/2014,12.993
11/07/2014,12.99
14/07/2014,12.9665
15/07/2014,12.955
16/07/2014,12.924
17/07/2014,12.9695
18/07/2014,12.956
21/07/2014,12.972
22/07/2014,12.9385
23/07/2014,12.9355
24/07/2014,12.9625
25/07/2014,12.959
28/07/2014,13
29/07/2014,13.0645
30/07/2014,13.126
31/07/2014,13.205
01/08/2014,13.19
04/08/2014,13.216
05/08/2014,13.298
06/08/2014,13.2425
07/08/2014,13.2925
08/08/2014,13.2365
11/08/2014,13.193
12/08/2014,13.15
13/08/2014,13.1265
14/08/2014,13.0865
15/08/2014,13.062
18/08/2014,13.047
19/08/2014,13.048
20/08/2014,13.12
21/08/2014,13.095
22/08/2014,13.14
25/08/2014,13.1485
26/08/2014,13.1135
27/08/2014,13.0905
28/08/2014,13.0825
29/08/2014,13.07
01/09/2014,13.09
02/09/2014,13.115
03/09/2014,13.0875
04/09/2014,13.144
05/09/2014,13.057
08/09/2014,13.135
09/09/2014,13.217
10/09/2014,13.1965
11/09/2014,13.206
12/09/2014,13.2395
15/09/2014,13.23
17/09/2014,13.176
18/09/2014,13.254
19/09/2014,13.235
22/09/2014,13.279
23/09/2014,13.309
24/09/2014,13.303
25/09/2014,13.3975
26/09/2014,13.447
29/09/2014,13.495
30/09/2014,13.4235
01/10/2014,13.453
02/10/2014,13.361
03/10/2014,13.4915
06/10/2014,13.428
07/10/2014,13.452
08/10/2014,13.405
09/10/2014,13.4135
10/10/2014,13.4175
13/10/2014,13.4115
14/10/2014,13.429
15/10/2014,13.579
16/10/2014,13.5535
17/10/2014,13.5325
20/10/2014,13.5275
21/10/2014,13.529
22/10/2014,13.56
23/10/2014,13.54
24/10/2014,13.5425
27/10/2014,13.5725
28/10/2014,13.461
29/10/2014,13.4825
30/10/2014,13.4425
31/10/2014,13.4715
03/11/2014,13.6045
04/11/2014,13.569
05/11/2014,13.595
06/11/2014,13.6345
07/11/2014,13.5245
10/11/2014,13.59
11/11/2014,13.5815
12/11/2014,13.5745
13/11/2014,13.6225
14/11/2014,13.523
18/11/2014,13.545
19/11/2014,13.605
20/11/2014,13.6425
21/11/2014,13.631
24/11/2014,13.655
25/11/2014,13.6495
26/11/2014,13.713
27/11/2014,13.7715
28/11/2014,13.908
01/12/2014,13.9415
02/12/2014,14.126
03/12/2014,14.1245
04/12/2014,14.1495
05/12/2014,14.385
08/12/2014,14.34
09/12/2014,14.392
10/12/2014,14.55
11/12/2014,14.711
15/12/2014,14.7635
16/12/2014,14.7035
17/12/2014,14.431
18/12/2014,14.599
19/12/2014,14.6435
22/12/2014,14.6575
23/12/2014,14.7365
24/12/2014,14.725
26/12/2014,14.684
29/12/2014,14.768
30/12/2014,14.7375
31/12/2014,14.7475
02/01/2015,14.8175
05/01/2015,14.949
06/01/2015,14.8435
07/01/2015,14.75
08/01/2015,14.68
09/01/2015,14.5925
12/01/2015,14.665
13/01/2015,14.6215
14/01/2015,14.52
15/01/2015,14.6395
16/01/2015,14.58
19/01/2015,14.639
20/01/2015,14.653
21/01/2015,14.7445
22/01/2015,14.59
23/01/2015,14.658
26/01/2015,14.591
27/01/2015,14.5805
28/01/2015,14.7295
29/01/2015,14.83
30/01/2015,14.95
03/02/2015,14.7225
04/02/2015,14.85
05/02/2015,14.7745
06/02/2015,14.888
09/02/2015,14.81
10/02/2015,14.9825
11/02/2015,15.116
12/02/2015,14.907
13/02/2015,14.895
16/02/2015,14.9285
17/02/2015,14.889
18/02/2015,14.85
19/02/2015,15.0075
20/02/2015,15.003
23/02/2015,15.065
24/02/2015,14.927
25/02/2015,14.925
26/02/2015,14.98
27/02/2015,14.9295
02/03/2015,15.0015
03/03/2015,14.98
04/03/2015,15.0585
05/03/2015,15.2
06/03/2015,15.48
09/03/2015,15.513
10/03/2015,15.625
11/03/2015,15.4655
12/03/2015,15.44
13/03/2015,15.515
17/03/2015,15.395
18/03/2015,15.1325
19/03/2015,15.309
20/03/2015,15.057
23/03/2015,14.9325
24/03/2015,14.928
25/03/2015,14.9815
26/03/2015,15.147
27/03/2015,15.1875
30/03/2015,15.269
31/03/2015,15.261
01/04/2015,15.1585
06/04/2015,14.885
07/04/2015,14.8965
08/04/2015,14.91
09/04/2015,15.093
10/04/2015,15.199
13/04/2015,15.365
14/04/2015,15.247
15/04/2015,15.239
16/04/2015,15.153
17/04/2015,15.37
20/04/2015,15.443
21/04/2015,15.468
22/04/2015,15.4345
23/04/2015,15.3365
24/04/2015,15.39
27/04/2015,15.3315
28/04/2015,15.2385
29/04/2015,15.223
30/04/2015,15.3795
04/05/2015,15.46
05/05/2015,15.356
06/05/2015,15.315
07/05/2015,15.289
08/05/2015,15.142
11/05/2015,15.3055
12/05/2015,15.365
13/05/2015,15.274
14/05/2015,15.1055
15/05/2015,15.015
18/05/2015,15.115
19/05/2015,15.187
20/05/2015,15.1715
21/05/2015,15.232
22/05/2015,15.29
25/05/2015,15.253
26/05/2015,15.328
27/05/2015,15.3295
28/05/2015,15.3365
29/05/2015,15.389
01/06/2015,15.491
02/06/2015,15.4175
03/06/2015,15.514
04/06/2015,15.5345
05/06/2015,15.714
08/06/2015,15.622
09/06/2015,15.5685
10/06/2015,15.462
11/06/2015,15.4045
12/06/2015,15.411
15/06/2015,15.442
16/06/2015,15.4
17/06/2015,15.318
18/06/2015,15.326
19/06/2015,15.331
22/06/2015,15.3355
23/06/2015,15.434
24/06/2015,15.488
25/06/2015,15.5
26/06/2015,15.5825
29/06/2015,15.6615
30/06/2015,15.695
01/07/2015,15.7865
02/07/2015,15.693
03/07/2015,15.7205
06/07/2015,15.745
07/07/2015,15.804
08/07/2015,15.7795
09/07/2015,15.799
10/07/2015,15.7225
13/07/2015,15.7195
14/07/2015,15.675
15/07/2015,15.774
16/07/2015,15.81
17/07/2015,15.91
20/07/2015,16
21/07/2015,15.9815
22/07/2015,16.125
23/07/2015,16.163
24/07/2015,16.25
27/07/2015,16.285
28/07/2015,16.308
29/07/2015,16.2345
30/07/2015,16.277
31/07/2015,16.126
03/08/2015,16.1625
04/08/2015,16.27
05/08/2015,16.374
06/08/2015,16.34
07/08/2015,16.158
10/08/2015,16.134
11/08/2015,16.3195
12/08/2015,16.305
13/08/2015,16.3845
14/08/2015,16.384
17/08/2015,16.419
18/08/2015,16.408
19/08/2015,16.517
20/08/2015,16.7385
21/08/2015,16.9115
24/08/2015,17.126
25/08/2015,17.0715
26/08/2015,17.1605
27/08/2015,16.836
28/08/2015,16.762
31/08/2015,16.6825
01/09/2015,16.9625
02/09/2015,16.873
03/09/2015,16.8185
04/09/2015,16.923
07/09/2015,17.007
08/09/2015,16.774
09/09/2015,16.84
10/09/2015,16.7325
11/09/2015,16.8225
14/09/2015,16.7925
15/09/2015,16.7365
17/09/2015,16.4885
18/09/2015,16.584
21/09/2015,16.715
22/09/2015,16.8725
23/09/2015,17.1325
24/09/2015,16.93
25/09/2015,17.004
28/09/2015,17.084
29/09/2015,17.02
30/09/2015,16.933
01/10/2015,16.917
02/10/2015,16.751
05/10/2015,16.7425
06/10/2015,16.701
07/10/2015,16.6465
08/10/2015,16.552
09/10/2015,16.4305
12/10/2015,16.4735
13/10/2015,16.624
14/10/2015,16.5435
15/10/2015,16.369
16/10/2015,16.3785
19/10/2015,16.5145
20/10/2015,16.575
21/10/2015,16.654
22/10/2015,16.5025
23/10/2015,16.586
26/10/2015,16.5395
27/10/2015,16.535
28/10/2015,16.615
29/10/2015,16.624
30/10/2015,16.507
03/11/2015,16.406
04/11/2015,16.534
05/11/2015,16.627
06/11/2015,16.817
09/11/2015,16.8015
10/11/2015,16.752
11/11/2015,16.7335
12/11/2015,16.739
13/11/2015,16.704
17/11/2015,16.755
18/11/2015,16.77
19/11/2015,16.63
20/11/2015,16.503
23/11/2015,16.547
24/11/2015,16.5035
25/11/2015,16.5325
26/11/2015,16.556
27/11/2015,16.6135
30/11/2015,16.5735
01/12/2015,16.5285
02/12/2015,16.5985
03/12/2015,16.7395
04/12/2015,16.6725
07/12/2015,16.9295
08/12/2015,17.018
09/12/2015,17.061
10/12/2015,17.1945
11/12/2015,17.384
14/12/2015,17.35
15/12/2015,17.1395
16/12/2015,17.088
17/12/2015,16.965
18/12/2015,17.037
21/12/2015,17.1895
22/12/2015,17.21
23/12/2015,17.206
24/12/2015,17.248
28/12/2015,17.246
29/12/2015,17.269
30/12/2015,17.364
31/12/2015,17.212
04/01/2016,17.331
05/01/2016,17.3225
06/01/2016,17.516
07/01/2016,17.741
08/01/2016,17.907
11/01/2016,17.95
12/01/2016,17.918
13/01/2016,17.898
14/01/2016,17.88
15/01/2016,18.2485
18/01/2016,18.2095
19/01/2016,18.276
20/01/2016,18.569
21/01/2016,18.7525
22/01/2016,18.433
25/01/2016,18.5675
26/01/2016,18.4745
27/01/2016,18.42
28/01/2016,18.3525
29/01/2016,18.146
02/02/2016,18.53
03/02/2016,18.231
04/02/2016,18.3245
05/02/2016,18.401
08/02/2016,18.795
09/02/2016,18.8495
10/02/2016,18.8755
11/02/2016,19.4025
12/02/2016,18.9185
15/02/2016,18.82
16/02/2016,18.8695
17/02/2016,18.289
18/02/2016,18.25
19/02/2016,18.2
22/02/2016,18.047
23/02/2016,18.2075
24/02/2016,18.172
25/02/2016,18.109
26/02/2016,18.24
29/02/2016,18.103
01/03/2016,17.865
02/03/2016,17.8125
03/03/2016,17.8885
04/03/2016,17.79
07/03/2016,17.73
08/03/2016,17.877
09/03/2016,17.7225
10/03/2016,17.874
11/03/2016,17.687
14/03/2016,17.75
15/03/2016,17.8935
16/03/2016,17.6475
17/03/2016,17.35
18/03/2016,17.364
22/03/2016,17.335
23/03/2016,17.5765
28/03/2016,17.4285
29/03/2016,17.324
30/03/2016,17.209
31/03/2016,17.29
01/04/2016,17.367
04/04/2016,17.4895
05/04/2016,17.7305
06/04/2016,17.694
07/04/2016,17.9
08/04/2016,17.782
11/04/2016,17.6345
12/04/2016,17.46
13/04/2016,17.466
14/04/2016,17.4015
15/04/2016,17.5515
18/04/2016,17.454
19/04/2016,17.29
20/04/2016,17.211
21/04/2016,17.504
22/04/2016,17.4305
25/04/2016,17.6165
26/04/2016,17.39
27/04/2016,17.3395
28/04/2016,17.2055
29/04/2016,17.223
02/05/2016,17.21
03/05/2016,17.564
04/05/2016,17.7505
05/05/2016,17.865
06/05/2016,17.867
09/05/2016,18.175
10/05/2016,17.9975
11/05/2016,17.9495
12/05/2016,17.93
13/05/2016,18.1935
16/05/2016,18.174
17/05/2016,18.305
18/05/2016,18.47
19/05/2016,18.456
20/05/2016,18.332
23/05/2016,18.4835
24/05/2016,18.5
25/05/2016,18.45
26/05/2016,18.455
27/05/2016,18.476
30/05/2016,18.483
31/05/2016,18.4695
01/06/2016,18.4895
02/06/2016,18.627
03/06/2016,18.6075
06/06/2016,18.6295
07/06/2016,18.41
08/06/2016,18.122
09/06/2016,18.29
10/06/2016,18.654
13/06/2016,18.8155
14/06/2016,18.96
15/06/2016,18.802
16/06/2016,18.903
17/06/2016,18.7895
20/06/2016,18.683
21/06/2016,18.5915
22/06/2016,18.5365
23/06/2016,18.305
24/06/2016,18.9395
27/06/2016,19.19
28/06/2016,18.83
29/06/2016,18.539
30/06/2016,18.2575
01/07/2016,18.363
04/07/2016,18.42
05/07/2016,18.795
06/07/2016,18.7385
07/07/2016,18.857
08/07/2016,18.461
11/07/2016,18.4645
12/07/2016,18.3015
13/07/2016,18.371
14/07/2016,18.307
15/07/2016,18.47
18/07/2016,18.406
19/07/2016,18.5815
20/07/2016,18.618
21/07/2016,18.6285
22/07/2016,18.57
25/07/2016,18.7595
26/07/2016,18.8125
27/07/2016,18.87
28/07/2016,18.894
29/07/2016,18.7685
01/08/2016,18.845
02/08/2016,18.949
03/08/2016,18.9345
04/08/2016,18.9005
05/08/2016,18.75
08/08/2016,18.566
09/08/2016,18.4655
10/08/2016,18.3605
11/08/2016,18.189
12/08/2016,18.2825
15/08/2016,18.085
16/08/2016,18.0035
17/08/2016,18.156
18/08/2016,18.084
19/08/2016,18.2675
22/08/2016,18.326
23/08/2016,18.465
24/08/2016,18.4805
25/08/2016,18.4005
26/08/2016,18.546
29/08/2016,18.586
30/08/2016,18.8485
31/08/2016,18.849
01/09/2016,18.7775
02/09/2016,18.585
05/09/2016,18.553
06/09/2016,18.2605
07/09/2016,18.39
08/09/2016,18.621
09/09/2016,18.8615
12/09/2016,18.9385
13/09/2016,19.1295
14/09/2016,19.2225
15/09/2016,19.252
19/09/2016,19.6815
20/09/2016,19.844
21/09/2016,19.87
22/09/2016,19.6295
23/09/2016,19.791
26/09/2016,19.8545
27/09/2016,19.4325
28/09/2016,19.38
29/09/2016,19.371
30/09/2016,19.382
03/10/2016,19.302
04/10/2016,19.3015
05/10/2016,19.2355
06/10/2016,19.2435
07/10/2016,19.288
10/10/2016,18.899
11/10/2016,18.9545
12/10/2016,18.931
13/10/2016,18.9355
14/10/2016,18.975
17/10/2016,18.879
18/10/2016,18.6395
19/10/2016,18.5515
20/10/2016,18.595
21/10/2016,18.611
24/10/2016,18.562
25/10/2016,18.5115
26/10/2016,18.682
27/10/2016,18.796
28/10/2016,18.975
31/10/2016,18.906
01/11/2016,19.219
03/11/2016,19.134
04/11/2016,19.0355
07/11/2016,18.6435
08/11/2016,18.4215
09/11/2016,19.993
10/11/2016,20.53
11/11/2016,20.9475
14/11/2016,20.76
15/11/2016,20.2725
16/11/2016,20.338
17/11/2016,20.414
18/11/2016,20.587
22/11/2016,20.605
23/11/2016,20.6925
24/11/2016,20.75
25/11/2016,20.66
28/11/2016,20.62
29/11/2016,20.62
30/11/2016,20.5065
01/12/2016,20.722
02/12/2016,20.635
05/12/2016,20.562
06/12/2016,20.4075
07/12/2016,20.4095
08/12/2016,20.3545
09/12/2016,20.3595
13/12/2016,20.2685
14/12/2016,20.38
15/12/2016,20.3845
16/12/2016,20.442
19/12/2016,20.4005
20/12/2016,20.4375
21/12/2016,20.545
22/12/2016,20.7465
23/12/2016,20.652
26/12/2016,20.6495
27/12/2016,20.767
28/12/2016,20.745
29/12/2016,20.6765
30/12/2016,20.64
02/01/2017,20.739
03/01/2017,21.05
04/01/2017,21.5225
05/01/2017,21.44
06/01/2017,21.232
09/01/2017,21.387
10/01/2017,21.7265
11/01/2017,21.9
12/01/2017,21.7025
13/01/2017,21.582
16/01/2017,21.6925
17/01/2017,21.568
18/01/2017,21.91
19/01/2017,21.93
20/01/2017,21.6045
23/01/2017,21.441
24/01/2017,21.423
25/01/2017,21.243
26/01/2017,21.1845
27/01/2017,20.9095
30/01/2017,20.776
31/01/2017,20.8165
01/02/2017,20.7585
02/02/2017,20.5065
03/02/2017,20.4395
07/02/2017,20.613
08/02/2017,20.48
09/02/2017,20.3735
10/02/2017,20.3245
13/02/2017,20.3215
14/02/2017,20.2695
15/02/2017,20.283
16/02/2017,20.315
17/02/2017,20.426
20/02/2017,20.392
21/02/2017,20.151
22/02/2017,19.8895
23/02/2017,19.639
24/02/2017,19.873
27/02/2017,19.97
28/02/2017,20.096
01/03/2017,19.792
02/03/2017,19.9915
03/03/2017,19.5425
06/03/2017,19.5695
07/03/2017,19.486
08/03/2017,19.649
09/03/2017,19.885
10/03/2017,19.6445
13/03/2017,19.585
14/03/2017,19.695
15/03/2017,19.27
16/03/2017,19.2065
17/03/2017,19.0825
21/03/2017,19.085
22/03/2017,19.079
23/03/2017,18.9735
24/03/2017,18.7865
27/03/2017,18.87
28/03/2017,19.0045
29/03/2017,18.738
30/03/2017,18.672
31/03/2017,18.7275
03/04/2017,18.7255
04/04/2017,18.8295
05/04/2017,18.705
06/04/2017,18.76
07/04/2017,18.6605
10/04/2017,18.67
11/04/2017,18.781
12/04/2017,18.734
17/04/2017,18.51
18/04/2017,18.5255
19/04/2017,18.833
20/04/2017,18.773
21/04/2017,18.8365
24/04/2017,18.716
25/04/2017,18.881
26/04/2017,19.207
27/04/2017,19.025
28/04/2017,18.866
02/05/2017,18.776
03/05/2017,18.8405
04/05/2017,19.0675
05/05/2017,19
08/05/2017,19.1575
09/05/2017,19.218
10/05/2017,19.02
11/05/2017,18.87
12/05/2017,18.763
15/05/2017,18.6875
16/05/2017,18.625
17/05/2017,18.697
18/05/2017,18.7705
19/05/2017,18.6465
22/05/2017,18.6525
23/05/2017,18.617
24/05/2017,18.496
25/05/2017,18.5325
26/05/2017,18.4795
29/05/2017,18.4895
30/05/2017,18.668
31/05/2017,18.6435
01/06/2017,18.589
02/06/2017,18.71
05/06/2017,18.3665
06/06/2017,18.255
07/06/2017,18.251
08/06/2017,18.2055
09/06/2017,18.1615
12/06/2017,18.1755
13/06/2017,18.058
14/06/2017,17.925
15/06/2017,18.081
16/06/2017,17.906
19/06/2017,17.9945
20/06/2017,18.1425
21/06/2017,18.285
22/06/2017,18.0525
23/06/2017,17.993
26/06/2017,17.889
27/06/2017,17.9885
28/06/2017,17.8735
29/06/2017,18.08
30/06/2017,18.143
03/07/2017,18.2035
04/07/2017,18.1715
05/07/2017,18.289
06/07/2017,18.2745
07/07/2017,18.0875
10/07/2017,17.999
11/07/2017,17.928
12/07/2017,17.7845
13/07/2017,17.736
14/07/2017,17.5425
17/07/2017,17.586
18/07/2017,17.4965
19/07/2017,17.5015
20/07/2017,17.5005
21/07/2017,17.618
24/07/2017,17.6935
25/07/2017,17.773
26/07/2017,17.6295
27/07/2017,17.705
28/07/2017,17.7985
31/07/2017,17.841
01/08/2017,17.8465
02/08/2017,17.8215
03/08/2017,17.87
04/08/2017,17.886
07/08/2017,17.947
08/08/2017,17.866
09/08/2017,17.9685
10/08/2017,17.9095
11/08/2017,17.81
14/08/2017,17.775
15/08/2017,17.804
16/08/2017,17.6765
17/08/2017,17.768
18/08/2017,17.721
21/08/2017,17.664
22/08/2017,17.6755
23/08/2017,17.7115
24/08/2017,17.6985
25/08/2017,17.628
28/08/2017,17.819
29/08/2017,17.885
30/08/2017,17.765
31/08/2017,17.7795
01/09/2017,17.791
04/09/2017,17.8835
05/09/2017,17.8995
06/09/2017,17.7985
07/09/2017,17.686
08/09/2017,17.699
11/09/2017,17.6525
12/09/2017,17.744
13/09/2017,17.756
14/09/2017,17.703
15/09/2017,17.659
18/09/2017,17.756
19/09/2017,17.7695
20/09/2017,17.7985
21/09/2017,17.884
22/09/2017,17.7365
25/09/2017,17.892
26/09/2017,17.963
27/09/2017,18.14
28/09/2017,18.179
29/09/2017,18.1785
02/10/2017,18.2155
03/10/2017,18.2285
04/10/2017,18.2325
05/10/2017,18.4435
06/10/2017,18.5385
09/10/2017,18.6645
10/10/2017,18.739
11/10/2017,18.7445
12/10/2017,18.746
13/10/2017,18.9415
16/10/2017,19.0785
17/10/2017,18.9765
18/10/2017,18.8135
19/10/2017,18.861
20/10/2017,19.013
23/10/2017,19.081
24/10/2017,19.1945
25/10/2017,19.0695
26/10/2017,19.169
27/10/2017,19.1605
30/10/2017,19.25
31/10/2017,19.1545
01/11/2017,19.1285
03/11/2017,19.159
06/11/2017,19.036
07/11/2017,19.188
08/11/2017,19.103
09/11/2017,19.064
10/11/2017,19.1035
13/11/2017,19.132
14/11/2017,19.1535
15/11/2017,19.3295
16/11/2017,19.066
17/11/2017,18.9435
21/11/2017,18.7895
22/11/2017,18.631
23/11/2017,18.664
24/11/2017,18.57
27/11/2017,18.555
28/11/2017,18.5765
29/11/2017,18.5475
30/11/2017,18.6605
01/12/2017,18.648
04/12/2017,18.62
05/12/2017,18.729
06/12/2017,18.8835
07/12/2017,18.9405
08/12/2017,18.948
11/12/2017,19.0345
13/12/2017,19.0775
14/12/2017,19.046
15/12/2017,19.1375
18/12/2017,19.085
19/12/2017,19.204
20/12/2017,19.234
21/12/2017,19.494
22/12/2017,19.7225
26/12/2017,19.88
27/12/2017,19.73
28/12/2017,19.765
29/12/2017,19.6595
02/01/2018,19.475
03/01/2018,19.395
04/01/2018,19.262
05/01/2018,19.194
08/01/2018,19.2285
09/01/2018,19.24
10/01/2018,19.3825
11/01/2018,19.278
12/01/2018,19.005
15/01/2018,18.858
16/01/2018,18.788
17/01/2018,18.595
18/01/2018,18.6495
19/01/2018,18.602
22/01/2018,18.717
23/01/2018,18.761
24/01/2018,18.486
25/01/2018,18.579
26/01/2018,18.525
29/01/2018,18.592
30/01/2018,18.724
31/01/2018,18.6515
01/02/2018,18.3725
02/02/2018,18.5395
06/02/2018,18.657
07/02/2018,18.693
08/02/2018,18.861
09/02/2018,18.7995
12/02/2018,18.622
13/02/2018,18.6605
14/02/2018,18.56
15/02/2018,18.5235
16/02/2018,18.507
19/02/2018,18.516
20/02/2018,18.7195
21/02/2018,18.7055
22/02/2018,18.622
23/02/2018,18.553
26/02/2018,18.683
27/02/2018,18.7955
28/02/2018,18.8205
01/03/2018,18.8765
02/03/2018,18.8705
05/03/2018,18.865
06/03/2018,18.727
07/03/2018,18.7795
08/03/2018,18.752
09/03/2018,18.6325
12/03/2018,18.591
13/03/2018,18.625
14/03/2018,18.5975
15/03/2018,18.7395
16/03/2018,18.6835
20/03/2018,18.777
21/03/2018,18.479
22/03/2018,18.5585
23/03/2018,18.544
26/03/2018,18.297
27/03/2018,18.4
28/03/2018,18.303
02/04/2018,18.343
03/04/2018,18.2165
04/04/2018,18.1715
05/04/2018,18.195
06/04/2018,18.31
09/04/2018,18.305
10/04/2018,18.2635
11/04/2018,18.2345
12/04/2018,18.1925
13/04/2018,18.0825
16/04/2018,18.0365
17/04/2018,17.994
18/04/2018,18.057
19/04/2018,18.455
20/04/2018,18.5495
23/04/2018,18.908
24/04/2018,18.863
25/04/2018,18.934
26/04/2018,18.867
27/04/2018,18.6745
30/04/2018,18.754
02/05/2018,18.9485
03/05/2018,19.069
04/05/2018,19.1805
07/05/2018,19.452
08/05/2018,19.5765
09/05/2018,19.559
10/05/2018,19.2385
11/05/2018,19.3895
14/05/2018,19.5295
15/05/2018,19.727
16/05/2018,19.595
17/05/2018,19.6815
18/05/2018,19.9405
21/05/2018,19.853
22/05/2018,19.7565
23/05/2018,19.5595
24/05/2018,19.6915
25/05/2018,19.5575
28/05/2018,19.598
29/05/2018,19.85
30/05/2018,19.8115
31/05/2018,19.924
01/06/2018,19.9145
04/06/2018,20.026
05/06/2018,20.3515
06/06/2018,20.3315
07/06/2018,20.531
08/06/2018,20.3735
11/06/2018,20.5535
12/06/2018,20.702
13/06/2018,20.802
14/06/2018,20.829
15/06/2018,20.6665
18/06/2018,20.519
19/06/2018,20.5175
20/06/2018,20.4
21/06/2018,20.2525
22/06/2018,20.007
25/06/2018,19.993
26/06/2018,19.935
27/06/2018,20.1745
28/06/2018,19.722
29/06/2018,19.873
02/07/2018,20.055
03/07/2018,19.5755
04/07/2018,19.395
05/07/2018,19.23
06/07/2018,19.0945
09/07/2018,19.2265
10/07/2018,18.9275
11/07/2018,19.054
12/07/2018,18.913
13/07/2018,18.921
16/07/2018,18.853
17/07/2018,18.883
18/07/2018,18.8525
19/07/2018,19.029
20/07/2018,19.0585
23/07/2018,18.9995
24/07/2018,18.9095
25/07/2018,18.739
26/07/2018,18.6455
27/07/2018,18.6455
30/07/2018,18.542
31/07/2018,18.6305
01/08/2018,18.6035
02/08/2018,18.615
03/08/2018,18.5595
06/08/2018,18.499
07/08/2018,18.478
08/08/2018,18.445
09/08/2018,18.6385
10/08/2018,18.9625
13/08/2018,19.174
14/08/2018,18.9625
15/08/2018,19.22
16/08/2018,19.077
17/08/2018,18.992
20/08/2018,19.0355
21/08/2018,18.8465
22/08/2018,18.79
23/08/2018,18.9
24/08/2018,18.9345
27/08/2018,18.7465
28/08/2018,18.985
29/08/2018,18.9805
30/08/2018,19.1325
31/08/2018,19.1105
03/09/2018,19.1885
04/09/2018,19.36
05/09/2018,19.3875
06/09/2018,19.304
07/09/2018,19.2935
10/09/2018,19.2695
11/09/2018,19.2425
12/09/2018,19.0295
13/09/2018,18.8295
14/09/2018,18.881
17/09/2018,18.8295
18/09/2018,18.7605
19/09/2018,18.7775
20/09/2018,18.833
21/09/2018,18.7955
24/09/2018,18.9475
25/09/2018,19.0125
26/09/2018,18.8875
27/09/2018,18.8105
28/09/2018,18.7175
01/10/2018,18.688
02/10/2018,18.788
03/10/2018,18.9795
04/10/2018,19.172
05/10/2018,18.8995
08/10/2018,18.893
09/10/2018,19.035
10/10/2018,19.0705
11/10/2018,18.9975
12/10/2018,18.912
15/10/2018,18.8175
16/10/2018,18.7645
17/10/2018,18.8385
18/10/2018,19.1185
19/10/2018,19.27
22/10/2018,19.3745
23/10/2018,19.292
24/10/2018,19.5465
25/10/2018,19.4645
26/10/2018,19.4295
29/10/2018,20.06
30/10/2018,20.047
31/10/2018,20.3
01/11/2018,20.09
05/11/2018,19.947
06/11/2018,19.787
07/11/2018,19.896
08/11/2018,20.135
09/11/2018,20.3555
12/11/2018,20.334
13/11/2018,20.5055
14/11/2018,20.443
15/11/2018,20.2195
16/11/2018,20.0975
20/11/2018,20.4245
21/11/2018,20.232
22/11/2018,20.3185
23/11/2018,20.395
26/11/2018,20.63
27/11/2018,20.468
28/11/2018,20.2435
29/11/2018,20.2745
30/11/2018,20.453
03/12/2018,20.3055
04/12/2018,20.507
05/12/2018,20.519
06/12/2018,20.36
07/12/2018,20.2705
10/12/2018,20.327
11/12/2018,20.2165
13/12/2018,20.315
14/12/2018,20.286
17/12/2018,20.099
18/12/2018,20.0625
19/12/2018,19.985
20/12/2018,19.9365
21/12/2018,19.951
24/12/2018,19.895
26/12/2018,19.9185
27/12/2018,19.6595
28/12/2018,19.7095
31/12/2018,19.665
02/01/2019,19.564
03/01/2019,19.5875
04/01/2019,19.3895
07/01/2019,19.38
08/01/2019,19.365
09/01/2019,19.2445
10/01/2019,19.1565
11/01/2019,19.14
14/01/2019,18.9865
15/01/2019,19.009
16/01/2019,18.9155
17/01/2019,19.03
18/01/2019,19.0955
21/01/2019,19.18
22/01/2019,19.1705
23/01/2019,19.0375
24/01/2019,19.0395
25/01/2019,18.9845
28/01/2019,19.051
29/01/2019,19.0015
30/01/2019,19.0465
31/01/2019,19.129
01/02/2019,19.1175
05/02/2019,19.0535
06/02/2019,19.11
07/02/2019,19.1435
08/02/2019,19.064
11/02/2019,19.3235
12/02/2019,19.295
13/02/2019,19.418
14/02/2019,19.2775
15/02/2019,19.2775
18/02/2019,19.2785
19/02/2019,19.1445
20/02/2019,19.1885
21/02/2019,19.275
22/02/2019,19.1225
25/02/2019,19.1315
26/02/2019,19.175
27/02/2019,19.1895
28/02/2019,19.279
01/03/2019,19.301
04/03/2019,19.337
05/03/2019,19.2585
06/03/2019,19.376
07/03/2019,19.6005
08/03/2019,19.4875
11/03/2019,19.3925
12/03/2019,19.32
13/03/2019,19.314
14/03/2019,19.318
15/03/2019,19.228
19/03/2019,19.015
20/03/2019,18.827
21/03/2019,18.885
22/03/2019,19.098
25/03/2019,19.0455
26/03/2019,19.0965
27/03/2019,19.3145
28/03/2019,19.35
29/03/2019,19.412
01/04/2019,19.199
02/04/2019,19.203
03/04/2019,19.2195
04/04/2019,19.1655
05/04/2019,19.08
08/04/2019,18.955
09/04/2019,18.9245
10/04/2019,18.838
11/04/2019,18.859
12/04/2019,18.757
15/04/2019,18.878
16/04/2019,18.8785
17/04/2019,18.8315
22/04/2019,18.85
23/04/2019,18.9515
24/04/2019,19.0835
25/04/2019,19.0545
26/04/2019,18.9375
29/04/2019,18.9995
30/04/2019,18.939
02/05/2019,19.1025
03/05/2019,18.962
06/05/2019,18.96
07/05/2019,19.066
08/05/2019,19.102
09/05/2019,19.179
10/05/2019,19.0785
13/05/2019,19.2005
14/05/2019,19.1585
15/05/2019,19.05
16/05/2019,19.0625
17/05/2019,19.155
20/05/2019,19.0635
21/05/2019,19.022
22/05/2019,18.982
23/05/2019,19.088
24/05/2019,19.0625
27/05/2019,19.0635
28/05/2019,19.193
29/05/2019,19.154
30/05/2019,19.0925
31/05/2019,19.6555
03/06/2019,19.82
04/06/2019,19.5335
05/06/2019,19.517
06/06/2019,19.748
07/06/2019,19.589
10/06/2019,19.21
11/06/2019,19.1215
12/06/2019,19.196
13/06/2019,19.154
14/06/2019,19.148
17/06/2019,19.2025
18/06/2019,19.159
19/06/2019,19.09
20/06/2019,18.979
21/06/2019,19.1425
24/06/2019,19.1885
25/06/2019,19.257
26/06/2019,19.144
27/06/2019,19.148
28/06/2019,19.197
01/07/2019,19.1175
02/07/2019,19.0715
03/07/2019,19.031
04/07/2019,19.0095
05/07/2019,19.027
08/07/2019,18.9025
09/07/2019,19.161
10/07/2019,19.1815
11/07/2019,19.112
12/07/2019,19.009
15/07/2019,18.969
16/07/2019,19.1035
17/07/2019,19.0515
18/07/2019,18.9645
19/07/2019,19.02
22/07/2019,19.071
23/07/2019,19.16
24/07/2019,19.0705
25/07/2019,19.042
26/07/2019,19.056
29/07/2019,19.0765
30/07/2019,19.0635
31/07/2019,19
01/08/2019,19.258
02/08/2019,19.3375
05/08/2019,19.622
06/08/2019,19.604
07/08/2019,19.666
08/08/2019,19.467
09/08/2019,19.399
12/08/2019,19.5615
13/08/2019,19.3895
14/08/2019,19.7275
15/08/2019,19.6725
16/08/2019,19.6035
19/08/2019,19.845
20/08/2019,19.76
21/08/2019,19.6725
22/08/2019,19.7795
23/08/2019,19.8695
26/08/2019,19.925
27/08/2019,20.0245
28/08/2019,20.084
29/08/2019,20.1285
30/08/2019,20.055
02/09/2019,20.1435
03/09/2019,20.013
04/09/2019,19.76
05/09/2019,19.694
06/09/2019,19.5495
09/09/2019,19.558
10/09/2019,19.512
11/09/2019,19.5575
12/09/2019,19.439
13/09/2019,19.3855
17/09/2019,19.363
18/09/2019,19.4
19/09/2019,19.414
20/09/2019,19.4575
23/09/2019,19.478
24/09/2019,19.4685
25/09/2019,19.56
26/09/2019,19.624
27/09/2019,19.7245
30/09/2019,19.7205
01/10/2019,19.829
02/10/2019,19.8015
03/10/2019,19.6695
04/10/2019,19.5555
07/10/2019,19.5895
08/10/2019,19.607
09/10/2019,19.579
10/10/2019,19.4895
11/10/2019,19.322
14/10/2019,19.267
15/10/2019,19.255
16/10/2019,19.195
17/10/2019,19.178
18/10/2019,19.135
21/10/2019,19.123
22/10/2019,19.129
23/10/2019,19.122
24/10/2019,19.146
25/10/2019,19.06
28/10/2019,19.098
29/10/2019,19.131
30/10/2019,19.125
31/10/2019,19.235
01/11/2019,19.139
04/11/2019,19.198
05/11/2019,19.213
06/11/2019,19.184
07/11/2019,19.11
08/11/2019,19.096
11/11/2019,19.128
12/11/2019,19.343
13/11/2019,19.445
14/11/2019,19.381
15/11/2019,19.214
19/11/2019,19.363
20/11/2019,19.488
21/11/2019,19.39
22/11/2019,19.387
25/11/2019,19.442
26/11/2019,19.567
27/11/2019,19.55
28/11/2019,19.56
29/11/2019,19.553
02/12/2019,19.574
03/12/2019,19.585
04/12/2019,19.443
05/12/2019,19.353
06/12/2019,19.295
09/12/2019,19.235
10/12/2019,19.248
11/12/2019,19.146
13/12/2019,19.051
16/12/2019,18.941
17/12/2019,18.919
18/12/2019,18.962
19/12/2019,18.953
20/12/2019,18.929
23/12/2019,18.936
24/12/2019,18.988
26/12/2019,18.95
27/12/2019,18.84
30/12/2019,18.92
31/12/2019,18.886
02/01/2020,18.857
03/01/2020,18.925
06/01/2020,18.868
07/01/2020,18.875
08/01/2020,18.8
09/01/2020,18.852
10/01/2020,18.781
13/01/2020,18.797
14/01/2020,18.784
15/01/2020,18.808
16/01/2020,18.802
17/01/2020,18.704
20/01/2020,18.667
21/01/2020,18.753
22/01/2020,18.669
23/01/2020,18.762
24/01/2020,18.836
27/01/2020,18.891
28/01/2020,18.747
29/01/2020,18.69
30/01/2020,18.837
31/01/2020,18.866
04/02/2020,18.699
05/02/2020,18.607
06/02/2020,18.654
07/02/2020,18.788
10/02/2020,18.733
11/02/2020,18.674
12/02/2020,18.623
13/02/2020,18.624
14/02/2020,18.552
17/02/2020,18.562
18/02/2020,18.584
19/02/2020,18.568
20/02/2020,18.819
21/02/2020,18.864
24/02/2020,19.07
25/02/2020,19.163
26/02/2020,19.204
27/02/2020,19.379
28/02/2020,19.861
02/03/2020,19.505
03/03/2020,19.392
04/03/2020,19.539
05/03/2020,19.92
06/03/2020,20.11
09/03/2020,21.179
10/03/2020,20.778
11/03/2020,21.379
12/03/2020,21.647
13/03/2020,21.976
17/03/2020,23.168
18/03/2020,23.93
19/03/2020,24.424
20/03/2020,24.248
23/03/2020,25.135
24/03/2020,24.976
25/03/2020,23.988
26/03/2020,23.182
27/03/2020,23.325
30/03/2020,24.129
31/03/2020,23.798
01/04/2020,24.414
02/04/2020,24.349
03/04/2020,24.738
06/04/2020,24.783
07/04/2020,24.11
08/04/2020,24.01
13/04/2020,23.695
14/04/2020,23.535
15/04/2020,23.986
16/04/2020,24.237
17/04/2020,23.867
20/04/2020,24.15
21/04/2020,24.328
22/04/2020,24.553
23/04/2020,24.683
24/04/2020,25.13
27/04/2020,24.862
28/04/2020,24.282
29/04/2020,23.87
30/04/2020,24.061
04/05/2020,24.173
05/05/2020,23.882
06/05/2020,24.269
07/05/2020,24.025
08/05/2020,23.769
11/05/2020,23.927
12/05/2020,24.18
13/05/2020,24.326
14/05/2020,24.068
15/05/2020,24.013
18/05/2020,23.735
19/05/2020,23.523
20/05/2020,23.189
21/05/2020,22.864
22/05/2020,22.766
25/05/2020,22.626
26/05/2020,22.249
27/05/2020,22.341
28/05/2020,22.169
29/05/2020,22.224
01/06/2020,22.077
02/06/2020,21.751
03/06/2020,21.798
04/06/2020,21.886
05/06/2020,21.625
08/06/2020,21.612
09/06/2020,21.878
10/06/2020,21.746
11/06/2020,22.632
12/06/2020,22.415
15/06/2020,22.173
16/06/2020,22.244
17/06/2020,22.272
18/06/2020,22.727
19/06/2020,22.645
22/06/2020,22.454
23/06/2020,22.437
24/06/2020,22.732
25/06/2020,22.761
26/06/2020,22.98
29/06/2020,23.111
30/06/2020,22.957
01/07/2020,22.793
02/07/2020,22.475
03/07/2020,22.423
06/07/2020,22.335
07/07/2020,22.683
08/07/2020,22.75
09/07/2020,22.642
10/07/2020,22.482
13/07/2020,22.549
14/07/2020,22.444
15/07/2020,22.344
16/07/2020,22.387
17/07/2020,22.534
20/07/2020,22.512
21/07/2020,22.301
22/07/2020,22.324
23/07/2020,22.48
24/07/2020,22.277
27/07/2020,21.993
28/07/2020,21.945
29/07/2020,22.012
30/07/2020,22.08
31/07/2020,22.21
03/08/2020,22.625
04/08/2020,22.829
05/08/2020,22.37
06/08/2020,22.396
07/08/2020,22.397
10/08/2020,22.482
11/08/2020,22.337
12/08/2020,22.339
13/08/2020,22.23
14/08/2020,22.027
17/08/2020,22.118
18/08/2020,22.181
19/08/2020,22.052
20/08/2020,22.16
21/08/2020,21.986
24/08/2020,22.02
25/08/2020,21.98
26/08/2020,21.958
27/08/2020,22.106
28/08/2020,21.806
31/08/2020,21.904
01/09/2020,21.768
02/09/2020,21.763
03/09/2020,21.705
04/09/2020,21.532
07/09/2020,21.629
08/09/2020,21.719
09/09/2020,21.45
10/09/2020,21.456
11/09/2020,21.293
14/09/2020,21.089
15/09/2020,21.123
17/09/2020,20.92
18/09/2020,21.071
21/09/2020,21.45
22/09/2020,21.702
23/09/2020,22.315
24/09/2020,22.053
25/09/2020,22.343
28/09/2020,22.512
29/09/2020,22.399
30/09/2020,22.105
01/10/2020,21.904
02/10/2020,21.67
05/10/2020,21.456
06/10/2020,21.523
07/10/2020,21.486
08/10/2020,21.387
09/10/2020,21.175
12/10/2020,21.215
13/10/2020,21.39
14/10/2020,21.324
15/10/2020,21.296
16/10/2020,21.103
19/10/2020,21.191
20/10/2020,21.091
21/10/2020,21.074
22/10/2020,20.991
23/10/2020,20.878
26/10/2020,20.977
27/10/2020,20.946
28/10/2020,21.205
29/10/2020,21.33
30/10/2020,21.24
03/11/2020,21.25
04/11/2020,20.998
05/11/2020,20.693
06/11/2020,20.555
09/11/2020,20.342
10/11/2020,20.307
11/11/2020,20.493
12/11/2020,20.563
13/11/2020,20.409
17/11/2020,20.29
18/11/2020,20.262
19/11/2020,20.14
20/11/2020,20.06
23/11/2020,20.158
24/11/2020,20.068
